created_at_fuzzy,state_likely_tweeted_from,text,source,display_text_width,lang,favorite_count,retweet_count,is_quote,followers_count,friends_count,listed_count,statuses_count,favourites_count,Toxicity,Fact assessment
2020-07-25T01:39:56Z,Alabama,@politico I'm old enough to remember when Trump tweeted about Obama's executive orders.,Twitter for Android,77,en,0,0,False,22,198,0,1235,946,3,No verdict
2020-07-24T00:39:18Z,Alabama,@pcbrynn ...so you're voting for Trump. /click,Twitter Web App,37,en,0,0,False,22,198,0,1235,946,7,No verdict
2020-07-24T20:38:52Z,Alabama,Its not the national polls that should concern the @GOP; theyre irrelevant. What should concern the @GOP is Trumps poll numbers in key states‚Äîmany of which are traditionally dark red. Texas and Georgia poll numbers should not be where they are for a sane GOP President. https://t.co/QU20U5JYl2,Twitter for iPhone,272,en,0,0,True,664,464,3,24426,4819,3,No verdict
2020-07-25T01:45:09Z,Alabama,"@bkohatl @DineshDSouza @BetsyDeVosED Do you say the same when President Trump, also tested daily, is seen not wearing a mask? #masksdonotwork",Twitter for Android,104,en,1,0,False,67,220,1,809,2148,7,No verdict
2020-07-23T12:42:41Z,Alabama,"@donwinslow @RealJamesWoods Hes looking for it, too. Why doesnt his buddy tRump help him out? #JamesWoodsWho",Twitter for iPhone,82,en,0,0,False,57,548,0,1456,8336,7,No verdict
2020-07-24T10:43:35Z,Alabama,@11YearLetterBot @RudyGiuliani Rudy has stomped on our flag almost as much as his pal tRump.,Twitter for iPhone,61,en,1,0,False,57,548,0,1456,8336,8,False
2020-07-24T09:24:32Z,Alabama,"They'd take Trump's phone away and make him go outside 
#IfMomsRan2020",Twitter for Android,70,en,2,1,False,76,131,0,12670,6932,3,No verdict
2020-07-24T04:56:07Z,Alabama,"@chrisro13258557 @SportsBurner313 @brettywolky @nysportstalkbob @JoeMarchione4 @JJFan18 @JonHeyman ......... and I wonder who ordered NY nursing homes to take in COVID positive patients?

Hint:  It wasnt Trump.",Twitter for iPhone,112,en,0,0,False,334,245,5,9354,21196,8,True
2020-07-24T04:50:23Z,Alabama,@PaulaAcevedo675 @LunaMiel @SLHartley1 @OV_Ood @TXCivilRights @BernabeMVC Trump must have tossed you some paper towles.,Twitter for Android,45,en,0,0,False,231,995,1,10377,53436,8,No verdict
